Section,Initial_Foil,Final_Foil,Axial_Force,Tangent_Force,Area,Volumen,Sx,St
1,NACA 63821,NACA 63818,0.928638000226724,0.33081332092096,0.00494800842940392,1.48440252882118e-05,62559.7155890183,22285.9577842186
2,NACA 63818,NACA 63817,1.32909011149963,0.376143332595152,0.00636172512351933,1.9085175370558e-05,69639.9213365348,19708.6652489143
3,NACA 63817,NACA 63816,1.68918928244781,0.386512251483493,0.00777544181763474,2.33263254529042e-05,72415.5755203828,16569.7873102157
4,NACA 63816,NACA 63815,1.98941871768652,0.379549470773059,0.00918915851175014,2.75674755352504e-05,72165.4296978573,13768.0169621527
5,NACA 63815,NACA 63814,2.19823698444544,0.359270374681282,0.0106028752058656,3.18086256175967e-05,69108.2038838349,11294.7468715068
6,NACA 63814,NACA 63813,2.22111556676643,0.312080748398262,0.012016591899981,3.60497756999429e-05,61612.4656434393,8656.94008739025
7,NACA 63813,NACA 63812,1.88979097724028,0.23185561186435,0.0134303085940964,4.02909257822891e-05,46903.6374952444,5754.53671919022
