Section,Initial_Foil,Final_Foil,Axial_Force,Tangent_Force,Area,Volumen,Sx,St
0,Null,Null,Null,Null,0.003534292,2.65072E-05,22320.36431,8049.920993
1,NACA 63821,NACA 63818,0.92524594,0.258619593,0.004948008,3.71E-05,24932.48082,6968.988195
2,NACA 63818,NACA 63817,1.347254749,0.280336801,0.006361725,4.77E-05,28236.67528,5875.488084
3,NACA 63817,NACA 63816,1.73796038,0.271451669,0.007775442,5.83E-05,29802.55734,4654.855213
4,NACA 63816,NACA 63815,2.100189153,0.255314605,0.009189159,6.89E-05,30473.43454,3704.577218
5,NACA 63815,NACA 63814,2.403853735,0.238170243,0.010602875,7.95E-05,30228.95442,2995.039722
6,NACA 63814,NACA 63813,2.524105003,0.209692415,0.012016592,9.01E-05,28006.88719,2326.698688
7,NACA 63813,NACA 63812,2.210063209,0.158313694,0.013430309,0.000100727,21941.05165,1571.705696
