Section,Initial_Foil,Final_Foil,Axial_Force,Tangent_Force,Area,Volumen,Sx,St
1,NACA 63821,NACA 63818,0.925245939626531,0.258619592505931,0.00494800842940392,3.71100632205294e-05,24932.4808240877,6968.98819517132
2,NACA 63818,NACA 63817,1.34725474900937,0.280336801159088,0.00636172512351933,4.7712938426395e-05,28236.6752801806,5875.48808362648
3,NACA 63817,NACA 63816,1.73796037962556,0.2714516690792,0.00777544181763474,5.83158136322605e-05,29802.5573403664,4654.85521287543
4,NACA 63816,NACA 63815,2.10018915263179,0.255314604542553,0.00918915851175014,6.89186888381261e-05,30473.4345362351,3704.57721768659
5,NACA 63815,NACA 63814,2.40385373452512,0.238170243083295,0.0106028752058656,7.95215640439917e-05,30228.9544153747,2995.03972220086
6,NACA 63814,NACA 63813,2.52410500277497,0.209692414535362,0.012016591899981,9.01244392498572e-05,28006.88718603,2326.69868773352
7,NACA 63813,NACA 63812,2.21006320937364,0.158313693862102,0.0134303085940964,0.000100727314455723,21941.0516533242,1571.70569589337
