Section,Initial_Foil,Final_Foil,Axial_Force,Tangent_Force,Area,Volumen,Sx,St
0,Null,Null,Null,Null,0.003534292,2.65E-05,20789.45,9744.28
1,NACA 63821,NACA 63818,0.90259635,0.321536375,0.004948008,3.71E-05,24322.15,8664.40
2,NACA 63818,NACA 63817,1.291818646,0.365595204,0.006361725,4.77E-05,27074.81,7662.39
3,NACA 63817,NACA 63816,1.641819612,0.375673349,0.007775442,5.83E-05,28153.93,6442.05
4,NACA 63816,NACA 63815,1.93362976,0.368905824,0.009189159,6.89E-05,28056.68,5352.77
5,NACA 63815,NACA 63814,2.136592169,0.349195412,0.010602875,7.95E-05,26868.09,4391.20
6,NACA 63814,NACA 63813,2.158829171,0.303329117,0.012016592,9.01E-05,23953.87,3365.67
7,NACA 63813,NACA 63812,1.836795865,0.225353721,0.013430309,0.000100727,18235.33,2237.27
