Section,Initial_Foil,Final_Foil,Axial_Force,Tangent_Force,Area,Volumen,Sx,St
1,NACA 63821,NACA 63818,0.924857637319575,0.200250520913162,0.00494800842940392,1.48440252882118e-05,62305.043232043,13490.311221188
2,NACA 63818,NACA 63817,1.37239309488437,0.204461892409208,0.00636172512351933,1.9085175370558e-05,71908.8542933441,10713.1262060407
3,NACA 63817,NACA 63816,1.80899115954537,0.18187942429681,0.00777544181763474,2.33263254529042e-05,77551.4841888713,7797.17425550049
4,NACA 63816,NACA 63815,2.22417736800294,0.152411017012956,0.00918915851175014,2.75674755352504e-05,80681.2130896388,5528.65338786894
5,NACA 63815,NACA 63814,2.59892063037463,0.126294400455456,0.0106028752058656,3.18086256175967e-05,81704.9017338523,3970.44506021001
6,NACA 63814,NACA 63813,2.81833940238802,0.104480715136123,0.012016591899981,3.60497756999429e-05,78179.1106232178,2898.23481859523
7,NACA 63813,NACA 63812,2.55858317267841,0.08102933745023,0.0134303085940964,4.02909257822891e-05,63502.7148917761,2011.10636891467
