Section,Initial_Foil,Final_Foil,Axial_Force,Tangent_Force,Area,Volumen,Sx,St
1,NACA 63821,NACA 63818,0.95194107392952,0.266081267785605,0.00494800842940392,1.48440252882118e-05,64129.5777558055,17925.1424475079
2,NACA 63818,NACA 63817,1.38612565340875,0.2884250598982,0.00636172512351933,1.9085175370558e-05,72628.3948926704,15112.5181874484
3,NACA 63817,NACA 63816,1.78810389688986,0.279283574578579,0.00777544181763474,2.33263254529042e-05,76656.0468557311,11972.8919645939
4,NACA 63816,NACA 63815,2.1607836703595,0.262680924529355,0.00918915851175014,2.75674755352504e-05,78381.6301059745,9528.65358285947
5,NACA 63815,NACA 63814,2.47320956256992,0.245041915093713,0.0106028752058656,3.18086256175967e-05,77752.7954933625,7703.63102259138
6,NACA 63814,NACA 63813,2.59693031241224,0.215742446130853,0.012016591899981,3.60497756999429e-05,72037.3500802768,5984.57110875157
7,NACA 63813,NACA 63812,2.27382780607766,0.162881350026427,0.0134303085940964,4.02909257822891e-05,56435.2335402822,4042.63111020461
