Section,Initial_Foil,Final_Foil,Axial_Force,Tangent_Force,Area,Volumen,Sx,St
0,Null,Null,Null,Null,0.003534292,2.65072E-05,18988.87,10840.28
1,NACA 63821,NACA 63818,0.755757439,0.351891848,0.004948008,3.71E-05,20365.30,9482.38
2,NACA 63818,NACA 63817,1.017853856,0.397709207,0.006361725,4.77E-05,21332.87,8335.46
3,NACA 63817,NACA 63816,1.250854961,0.413290558,0.007775442,5.83E-05,21449.67,7087.11
4,NACA 63816,NACA 63815,1.442015707,0.411979688,0.009189159,6.89E-05,20923.44,5977.76
5,NACA 63815,NACA 63814,1.557403966,0.387377229,0.010602875,7.95E-05,19584.67,4871.35
6,NACA 63814,NACA 63813,1.55155926,0.33871844,0.012016592,9.01E-05,17215.74,3758.34
7,NACA 63813,NACA 63812,1.318112751,0.254189366,0.013430309,0.000100727,13085.95,2523.54
