Section,Initial_Foil,Final_Foil,Axial_Force,Tangent_Force,Area,Volumen,Sx,St
1,NACA 63821,NACA 63818,0.498880394033723,0.241062576034264,0.00494800842940392,1.48440252882118e-05,33608.1611522114,16239.7039451086
2,NACA 63818,NACA 63817,0.591835780506077,0.232436523301968,0.00636172512351933,1.9085175370558e-05,31010.2353798164,12178.9042431614
3,NACA 63817,NACA 63816,0.666098241818367,0.22235407644454,0.00777544181763474,2.33263254529042e-05,28555.6438438286,9532.32333542943
4,NACA 63816,NACA 63815,0.716465831734617,0.207397808896979,0.00918915851175014,2.75674755352504e-05,25989.5336015978,7523.27896806439
5,NACA 63815,NACA 63814,0.733362022638683,0.184567962609465,0.0106028752058656,3.18086256175967e-05,23055.4451316182,5802.45009100175
6,NACA 63814,NACA 63813,0.705449371868357,0.155814888808101,0.012016591899981,3.60497756999429e-05,19568.7589775898,4322.21520891039
7,NACA 63813,NACA 63812,0.587333965874595,0.114047504999203,0.0134303085940964,4.02909257822891e-05,14577.3261465432,2830.60026010462
