AoA,CD,CL
0,0.041718373,0.439098377
2,0.045128271,0.620979363
4,0.050554037,0.781817672
6,0.058110519,0.921057904
8,0.06936085,1.008503306
10,0.0834999,1.084439992
12,0.102758565,1.110759367
14,0.124387097,1.122452414
16,0.149788018,1.108667602
18,0.181210178,1.092246043
20,0.217067522,1.05689441
