AoA,CD,CL
0,0.038509076,0.478175917
2,0.041473532,0.665763174
4,0.046335404,0.833388099
6,0.053360208,0.981310359
8,0.063524344,1.090819475
10,0.077371829,1.175740333
12,0.096449609,1.204616309
14,0.119136846,1.202147866
16,0.14908916,1.174065318
18,0.183713885,1.13088359
20,0.229542777,1.055740333
