AoA,CD,CL
0,0.05120,0.30545
2,0.05423,0.46589
4,0.05896,0.58355
6,0.07381,0.70156
8,0.08563,0.76255
10,0.10120,0.80824
12,0.11874,0.86238
14,0.13890,0.89392
16,0.16157,0.92783
18,0.18719,0.95505
20,0.21741,0.96103
