AoA,CD,CL
0,0.04604448,0.37654979
2,0.050167261,0.540676418
4,0.056576718,0.683114406
6,0.065466319,0.797759166
8,0.077968503,0.872907233
10,0.092786215,0.933913043
12,0.110081346,0.977030655
14,0.12987778,1.012254057
16,0.155073532,1.017671809
18,0.181882589,1.032226007
20,0.214278501,1.025109197
