AoA,CD,CL
0,0.039332799,0.46229453
2,0.042467401,0.64906672
4,0.047416229,0.812262072
6,0.054525426,0.9551112
8,0.064374995,1.073043478
10,0.078691966,1.142656782
12,0.096958525,1.170715288
14,0.118646363,1.185429774
16,0.147176918,1.163037467
18,0.180986576,1.128551393
20,0.225836105,1.054994991
