Section,Initial_Foil,Final_Foil,Axial_Force,Tangent_Force,Area,Volumen,Sx,St
1,NACA 63821,NACA 63818,0.777562502136516,0.362044607810283,0.00494800842940392,1.48440252882118e-05,52382.1865726684,24389.921249851
2,NACA 63818,NACA 63817,1.0472209078165,0.409183886559818,0.00636172512351933,1.9085175370558e-05,54870.9083088654,21439.8808821559
3,NACA 63817,NACA 63816,1.28694454492781,0.425214789261736,0.00777544181763474,2.33263254529042e-05,55171.3362452285,18228.9658146219
4,NACA 63816,NACA 63815,1.4836206484903,0.423866098213847,0.00918915851175014,2.75674755352504e-05,53817.7914257401,15375.5862654834
5,NACA 63815,NACA 63814,1.60233808121615,0.398553811220185,0.0106028752058656,3.18086256175967e-05,50374.3261491225,12529.7400777889
6,NACA 63814,NACA 63813,1.59632474433085,0.348491122241628,0.012016591899981,3.60497756999429e-05,44281.1283381543,9666.94287205178
7,NACA 63813,NACA 63812,1.35614285279936,0.26152322046504,0.0134303085940964,4.02909257822891e-05,33658.7662474484,6490.87146515754
